-- devex_plan.sql — seed from Docs/EXECUTION_PLAN.md (generated; do not edit by hand)
-- Regenerate: npm run db:seed:generate

insert into devex.phases (id, name, start_date, end_date) values ('phase-a', 'Commit & Instrument', '2026-07-20', '2026-08-07') on conflict (id) do nothing;
insert into devex.phases (id, name, start_date, end_date) values ('phase-b', 'Baseline & First Improvement Wave', '2026-08-03', '2026-09-27') on conflict (id) do nothing;
insert into devex.phases (id, name, start_date, end_date) values ('phase-c', 'Compute, Bands & Readout', '2026-09-28', '2026-10-16') on conflict (id) do nothing;

insert into devex.milestones (id, name, milestone_date, day_number, status, exit_criteria, phase_id) values ('m1', 'Commit closed & fellowship confirmed', '2026-07-31', 11, 'on_track', '["Charlie''s disagree-and-commit response delivered","Roster locked (Bill, Carlos, Piotr, Patrick — Tim confirmed)","Charter + operating cadence agreed","D1–D11 ratified by the team"]'::jsonb, 'phase-a') on conflict (id) do nothing;
insert into devex.milestones (id, name, milestone_date, day_number, status, exit_criteria, phase_id) values ('m2', 'Instrumented & window open', '2026-08-07', 18, 'on_track', '["All four gates answered (or explicitly waived w/ gap plan)","Telemetry pipelines pulling","Survey instruments reconciled (DEC-1)","Pulse #1 fielded","Baseline window officially open Aug 3"]'::jsonb, 'phase-a') on conflict (id) do nothing;
insert into devex.milestones (id, name, milestone_date, day_number, status, exit_criteria, phase_id) values ('m3', 'Mid-window checkpoint', '2026-09-03', 45, 'on_track', '["Data quality audit passed (no gaps silently accumulating)","≥1 quick-win shipped with experiment tag","Flow map validated against telemetry","Stakeholder status #2 sent"]'::jsonb, 'phase-b') on conflict (id) do nothing;
insert into devex.milestones (id, name, milestone_date, day_number, status, exit_criteria, phase_id) values ('m4', 'Window closed, Pulse #2 in', '2026-09-30', 72, 'on_track', '["8 weeks of telemetry captured","Pulse #2 response count ≥ Pulse #1 × 0.8","Exclusions log complete"]'::jsonb, 'phase-b') on conflict (id) do nothing;
insert into devex.milestones (id, name, milestone_date, day_number, status, exit_criteria, phase_id) values ('m5', 'Baseline & bands reviewed', '2026-10-09', 81, 'on_track', '["Per-metric distributions published","Investigate/escalate bands proposed","Reviewed with Tim/Wei/JD delegates","Anonymity floor verified on every perceptual cut"]'::jsonb, 'phase-c') on conflict (id) do nothing;
insert into devex.milestones (id, name, milestone_date, day_number, status, exit_criteria, phase_id) values ('m6', 'Day-90 readout to Rahul', '2026-10-16', 88, 'on_track', '["DX Core 4 exec roll-up + north-star headline","Improvement-wave results vs. baseline","Q+1 orchestration plan","Progress app live for the review"]'::jsonb, 'phase-c') on conflict (id) do nothing;

insert into devex.epics (id, code, name, description) values ('epic-e1', 'E1', 'Governance & Commit', 'Phase A') on conflict (id) do nothing;
insert into devex.epics (id, code, name, description) values ('epic-e2', 'E2', 'Instrumentation Gates', 'Phase A — critical path') on conflict (id) do nothing;
insert into devex.epics (id, code, name, description) values ('epic-e3', 'E3', 'Baseline: System Telemetry', 'Phase B') on conflict (id) do nothing;
insert into devex.epics (id, code, name, description) values ('epic-e4', 'E4', 'Baseline: Perceptual', 'Phases A–C') on conflict (id) do nothing;
insert into devex.epics (id, code, name, description) values ('epic-e5', 'E5', 'Flow Map & Constraint Localization', 'First Way core, Phase B') on conflict (id) do nothing;
insert into devex.epics (id, code, name, description) values ('epic-e6', 'E6', 'First Improvement Wave: Quick Wins', 'Phases B–C — tagged experiments') on conflict (id) do nothing;
insert into devex.epics (id, code, name, description) values ('epic-e7', 'E7', 'Agentic-AI Leverage', 'Phases A–C') on conflict (id) do nothing;
insert into devex.epics (id, code, name, description) values ('epic-e8', 'E8', 'Learning Loop', 'Third Way, Phases A–C') on conflict (id) do nothing;
insert into devex.epics (id, code, name, description) values ('epic-e9', 'E9', 'Comms & Stakeholder Rhythm', 'All phases') on conflict (id) do nothing;
insert into devex.epics (id, code, name, description) values ('epic-e10', 'E10', 'Progress App', 'Per the companion PRD') on conflict (id) do nothing;

insert into devex.gates (id, question, owner, status) values ('gate-1', 'Source of truth for lead time / deploy-freq: audit GitHub vs. CI vs. pipeline-analytics; pick one authoritative source per metric', 'CZ', 'open') on conflict (id) do nothing;
insert into devex.gates (id, question, owner, status) values ('gate-2', 'Pulse channel: does an anonymous survey channel exist (Forms/Qualtrics/other)? Stand one up if not; verify anonymity mechanics + team-level attribution', 'BS', 'open') on conflict (id) do nothing;
insert into devex.gates (id, question, owner, status) values ('gate-3', 'AI telemetry: inventory agentic tools actually in use (feeds survey Q13''s placeholder list); identify which emit usable usage telemetry; connect what we can', 'Ravi+CZ', 'open') on conflict (id) do nothing;
insert into devex.gates (id, question, owner, status) values ('gate-4', 'Window defensibility: pull last-quarter merge counts per team; confirm 8 wks ≥ 20–30 merges/team; flag low-volume teams for extended windows (per plan §5)', 'CZ', 'open') on conflict (id) do nothing;

insert into devex.tasks (id, epic_id, code, title, way, owner, owner_is_assumption, start_day, end_day, status, done_when, gate_dep) values ('e1-1', 'epic-e1', 'E1.1', 'Draft & send Charlie''s disagree-and-commit response to Rahul — mirror his numbered format; strengthen the framing; include the two strongest counter-arguments (scope-creep into SRE pillar; measurement-before-relief risk)', '3W', 'CZ', false, 0, 5, 'not_started', 'Sent; discussed in Rahul''s follow-up', null) on conflict (id) do nothing;
insert into devex.tasks (id, epic_id, code, title, way, owner, owner_is_assumption, start_day, end_day, status, done_when, gate_dep) values ('e1-2', 'epic-e1', 'E1.2', 'Confirm the fellowship: Bill, Carlos, Piotr, Patrick — chase Tim''s confirm on Patrick; propose role split (see E1.4)', null, 'CZ', false, 0, 7, 'not_started', 'Roster in charter', null) on conflict (id) do nothing;
insert into devex.tasks (id, epic_id, code, title, way, owner, owner_is_assumption, start_day, end_day, status, done_when, gate_dep) values ('e1-3', 'epic-e1', 'E1.3', 'Write the initiative charter (1 page): mandate, north star, endpoint = merge-to-main, guardrails D6/D7, pillar boundaries (SRE, FinOps), decision log D1–D11 attached for ratification', '1W', 'CZ', false, 3, 9, 'not_started', 'Team ratifies at kickoff', null) on conflict (id) do nothing;
insert into devex.tasks (id, epic_id, code, title, way, owner, owner_is_assumption, start_day, end_day, status, done_when, gate_dep) values ('e1-4', 'epic-e1', 'E1.4', 'Assign workstream leads: Measurement (CZ*), Test/CI flow incl. STEX cutover (BS*), Infra/env + geo-latency (PL*), Review/merge flow (PLe*), AI leverage (CZ+Ravi*)', null, 'Team', false, 7, 11, 'not_started', 'Names against every epic', null) on conflict (id) do nothing;
insert into devex.tasks (id, epic_id, code, title, way, owner, owner_is_assumption, start_day, end_day, status, done_when, gate_dep) values ('e1-5', 'epic-e1', 'E1.5', 'Stand up operating cadence: weekly leads sync (30 min), biweekly stakeholder status (async, numbered format), Day-45 and Day-81 stakeholder reviews', '2W', 'CZ', false, 7, 11, 'not_started', 'Invites out; template agreed (E9.1)', null) on conflict (id) do nothing;
insert into devex.tasks (id, epic_id, code, title, way, owner, owner_is_assumption, start_day, end_day, status, done_when, gate_dep) values ('e1-6', 'epic-e1', 'E1.6', 'Kickoff session: ratify charter, walk the SDLC flow map, agree Phase-A assignments', null, 'Team', false, 9, 11, 'not_started', 'M1 exit', null) on conflict (id) do nothing;
insert into devex.tasks (id, epic_id, code, title, way, owner, owner_is_assumption, start_day, end_day, status, done_when, gate_dep) values ('e2-1', 'epic-e2', 'E2.1', 'Gate 1 — Source of truth for lead time / deploy-freq: audit GitHub vs. CI vs. pipeline-analytics; pick one authoritative source per metric', '2W', 'CZ', true, 0, 10, 'not_started', 'Matrix col. "Source of truth" confirmed per metric', 'gate-1') on conflict (id) do nothing;
insert into devex.tasks (id, epic_id, code, title, way, owner, owner_is_assumption, start_day, end_day, status, done_when, gate_dep) values ('e2-2', 'epic-e2', 'E2.2', 'Gate 2 — Pulse channel: does an anonymous survey channel exist (Forms/Qualtrics/other)? Stand one up if not; verify anonymity mechanics + team-level attribution', '2W', 'BS', true, 0, 10, 'not_started', 'Test run completed end-to-end', 'gate-2') on conflict (id) do nothing;
insert into devex.tasks (id, epic_id, code, title, way, owner, owner_is_assumption, start_day, end_day, status, done_when, gate_dep) values ('e2-3', 'epic-e2', 'E2.3', 'Gate 3 — AI telemetry: inventory agentic tools actually in use (feeds survey Q13''s placeholder list); identify which emit usable usage telemetry; connect what we can', '2W', 'Ravi+CZ', true, 0, 14, 'not_started', 'Q13 list final; telemetry feeds documented or marked unavailable', 'gate-3') on conflict (id) do nothing;
insert into devex.tasks (id, epic_id, code, title, way, owner, owner_is_assumption, start_day, end_day, status, done_when, gate_dep) values ('e2-4', 'epic-e2', 'E2.4', 'Gate 4 — Window defensibility: pull last-quarter merge counts per team; confirm 8 wks ≥ 20–30 merges/team; flag low-volume teams for extended windows (per plan §5)', '1W', 'CZ', true, 0, 10, 'not_started', 'D10 numbers confirmed or revised; DEC-4 closed', 'gate-4') on conflict (id) do nothing;
insert into devex.tasks (id, epic_id, code, title, way, owner, owner_is_assumption, start_day, end_day, status, done_when, gate_dep) values ('e2-5', 'epic-e2', 'E2.5', 'Build the telemetry extraction jobs (GitHub/CI event exports, provisioning logs, incident data) writing to one landing zone; document every field + exclusion rule per D11', '2W', 'TL', false, 5, 18, 'not_started', 'First week of clean data validated', null) on conflict (id) do nothing;
insert into devex.tasks (id, epic_id, code, title, way, owner, owner_is_assumption, start_day, end_day, status, done_when, gate_dep) values ('e2-6', 'epic-e2', 'E2.6', 'Stage-decomposition mapping: define the timestamp events that delimit each journey stage (env-ready, first-commit, PR-open, gates-green, merge) against real pipeline events from the SDLC map', '1W', 'PL', true, 5, 18, 'not_started', 'Each stage computable from telemetry', null) on conflict (id) do nothing;
insert into devex.tasks (id, epic_id, code, title, way, owner, owner_is_assumption, start_day, end_day, status, done_when, gate_dep) values ('e3-1', 'epic-e3', 'E3.1', 'Open baseline window Aug 3; telemetry runs continuously across DORA Tier-1 + journey stages + review latency/load + env spin-up', '2W', 'CZ', true, 14, 70, 'not_started', 'Window closes Sep 27 with 8 full weeks', 'gate-4') on conflict (id) do nothing;
insert into devex.tasks (id, epic_id, code, title, way, owner, owner_is_assumption, start_day, end_day, status, done_when, gate_dep) values ('e3-2', 'epic-e3', 'E3.2', 'Weekly data-quality audit: gaps marked "Not recorded in source," anomaly candidates logged (not yet excluded), source drift checked', '2W', 'TL', false, 14, 70, 'not_started', 'Zero silent gaps at M3/M4', null) on conflict (id) do nothing;
insert into devex.tasks (id, epic_id, code, title, way, owner, owner_is_assumption, start_day, end_day, status, done_when, gate_dep) values ('e3-3', 'epic-e3', 'E3.3', 'Flaky-test & re-run instrumentation: rerun counts, flake rate per suite, CPU/cost of re-runs (ties to Cluster 04 FinOps lens) — Petr''s compounding-frustration loop, quantified', '1W', 'PL', true, 14, 45, 'not_started', 'Flake/re-run metrics in the landing zone', null) on conflict (id) do nothing;
insert into devex.tasks (id, epic_id, code, title, way, owner, owner_is_assumption, start_day, end_day, status, done_when, gate_dep) values ('e3-4', 'epic-e3', 'E3.4', 'Rancher/env spin-up measurement: time-to-ready-env, setup success rate, manual steps — current DevBox/Rancher path from the SDLC map', '1W', 'PL', true, 14, 45, 'not_started', 'Distribution per team available', null) on conflict (id) do nothing;
insert into devex.tasks (id, epic_id, code, title, way, owner, owner_is_assumption, start_day, end_day, status, done_when, gate_dep) values ('e3-5', 'epic-e3', 'E3.5', 'Mid-window checkpoint pack (M3): early distributions (unofficial, no targets), data-quality status, constraint shortlist', '1W', 'CZ', false, 43, 45, 'not_started', 'Presented at Day-45 review', null) on conflict (id) do nothing;
insert into devex.tasks (id, epic_id, code, title, way, owner, owner_is_assumption, start_day, end_day, status, done_when, gate_dep) values ('e3-6', 'epic-e3', 'E3.6', 'Close window; freeze dataset; complete exclusions log with written justification per item (FinOps method)', null, 'CZ', true, 70, 72, 'not_started', 'M4 exit', null) on conflict (id) do nothing;
insert into devex.tasks (id, epic_id, code, title, way, owner, owner_is_assumption, start_day, end_day, status, done_when, gate_dep) values ('e4-1', 'epic-e4', 'E4.1', 'Close DEC-1: merge Bill''s Q0 into the pulse; lock final instrument; finalize Q13 tool list from E2.3', '2W', 'BS+CZ', false, 0, 10, 'not_started', 'Instrument v1.1 locked', 'gate-3') on conflict (id) do nothing;
insert into devex.tasks (id, epic_id, code, title, way, owner, owner_is_assumption, start_day, end_day, status, done_when, gate_dep) values ('e4-2', 'epic-e4', 'E4.2', 'Field Pulse #1 (week of Aug 3) with comms: purpose, anonymity floor, team-level-only pledge, "you are the customer" framing', '2W', 'BS', true, 14, 21, 'not_started', 'Response rate reported; floor verified', 'gate-2') on conflict (id) do nothing;
insert into devex.tasks (id, epic_id, code, title, way, owner, owner_is_assumption, start_day, end_day, status, done_when, gate_dep) values ('e4-3', 'epic-e4', 'E4.3', 'Run the monthly Q0 heartbeat (Sep) between pulses', '2W', 'BS', true, 45, 50, 'not_started', 'Sent + tracked', null) on conflict (id) do nothing;
insert into devex.tasks (id, epic_id, code, title, way, owner, owner_is_assumption, start_day, end_day, status, done_when, gate_dep) values ('e4-4', 'epic-e4', 'E4.4', 'Field Pulse #2 (week of Sep 21)', '2W', 'BS', true, 63, 70, 'not_started', '≥80% of Pulse-#1 responses', null) on conflict (id) do nothing;
insert into devex.tasks (id, epic_id, code, title, way, owner, owner_is_assumption, start_day, end_day, status, done_when, gate_dep) values ('e4-5', 'epic-e4', 'E4.5', 'Draft + apply the open-text coding scheme for Q14/Q15; code both pulse runs into friction themes mapped to journey stages', '3W', 'CZ', true, 21, 75, 'not_started', 'Themes table feeding the readout', null) on conflict (id) do nothing;
insert into devex.tasks (id, epic_id, code, title, way, owner, owner_is_assumption, start_day, end_day, status, done_when, gate_dep) values ('e4-6', 'epic-e4', 'E4.6', '"You said, we did" report-back to all FTDS devs after Pulse #1 (what we heard, what the quick-win wave targets)', '3W', 'CZ+BS', false, 35, 45, 'not_started', 'Sent before the Sep heartbeat', null) on conflict (id) do nothing;
insert into devex.tasks (id, epic_id, code, title, way, owner, owner_is_assumption, start_day, end_day, status, done_when, gate_dep) values ('e5-1', 'epic-e5', 'E5.1', 'Validate the SDLC infographic against telemetry — do measured stage times match the drawn flow? Update the map; it becomes the living value-stream map', '1W', 'CZ', false, 21, 45, 'not_started', 'Map v2 with measured wait/process time per stage', null) on conflict (id) do nothing;
insert into devex.tasks (id, epic_id, code, title, way, owner, owner_is_assumption, start_day, end_day, status, done_when, gate_dep) values ('e5-2', 'epic-e5', 'E5.2', 'Constraint ranking: rank journey stages by (median time × spread × pulse-friction score); publish the top-3 constraints', '1W', 'Team', false, 40, 50, 'not_started', 'Ranked list at M3', null) on conflict (id) do nothing;
insert into devex.tasks (id, epic_id, code, title, way, owner, owner_is_assumption, start_day, end_day, status, done_when, gate_dep) values ('e5-3', 'epic-e5', 'E5.3', 'Ingest Dan''s architecture assessment + XServices survey results (DEC-3) as corroborating evidence; map their friction items onto stages', '1W', 'CZ', true, 14, 40, 'not_started', 'Cross-walk table in knowledge base', null) on conflict (id) do nothing;
insert into devex.tasks (id, epic_id, code, title, way, owner, owner_is_assumption, start_day, end_day, status, done_when, gate_dep) values ('e5-4', 'epic-e5', 'E5.4', 'WIP & batch visibility: stuck-PR count, PRs open >N days, review-load distribution — make queues visible on the progress app', '1W', 'PLe', true, 21, 50, 'not_started', 'Feeding the app weekly', null) on conflict (id) do nothing;
insert into devex.tasks (id, epic_id, code, title, way, owner, owner_is_assumption, start_day, end_day, status, done_when, gate_dep) values ('e6-1', 'epic-e6', 'E6.1', 'Flaky-test quarantine + dedup of overlapping on-demand subsets (Cluster 04): hypothesis — cuts re-runs ≥X% and CI wait time, saves $ (FinOps co-win)', '1W', 'PL+BS', true, 30, 70, 'not_started', 'Pre/post re-run rate measured', null) on conflict (id) do nothing;
insert into devex.tasks (id, epic_id, code, title, way, owner, owner_is_assumption, start_day, end_day, status, done_when, gate_dep) values ('e6-2', 'epic-e6', 'E6.2', 'STEX→GitHub Actions cutover coordination (Bill''s thread): sequence so cutover is an experiment tag in the baseline, not a confound (DEC-2)', '1W', 'BS', false, 14, 70, 'not_started', 'Cutover dates logged as tags; pre/post separable', null) on conflict (id) do nothing;
insert into devex.tasks (id, epic_id, code, title, way, owner, owner_is_assumption, start_day, end_day, status, done_when, gate_dep) values ('e6-3', 'epic-e6', 'E6.3', 'Rancher spin-up attack: pick the highest-leverage fix (image caching / pre-provisioned envs / tool alternative per Bill) after E3.4 localizes the pain; time-boxed spike first', '1W', 'PL', true, 45, 85, 'not_started', 'Spin-up median improvement measured, or spike concludes "replace" with evidence', null) on conflict (id) do nothing;
insert into devex.tasks (id, epic_id, code, title, way, owner, owner_is_assumption, start_day, end_day, status, done_when, gate_dep) values ('e6-4', 'epic-e6', 'E6.4', 'Review-latency SLO pilot on 2 volunteer teams (e.g., reviewer-rotation or auto-assignment) — team-level, opt-in, no individual metrics', '1W', 'PLe', true, 45, 80, 'not_started', 'PR cycle time pre/post on pilot teams', null) on conflict (id) do nothing;
insert into devex.tasks (id, epic_id, code, title, way, owner, owner_is_assumption, start_day, end_day, status, done_when, gate_dep) values ('e6-5', 'epic-e6', 'E6.5', 'Maintenance-window / zero-risk-policy review (Petr''s item): document current windows'' dev-hour cost; propose one concrete change to stakeholders', '1W', 'PL', false, 50, 80, 'not_started', 'Proposal in Day-90 readout', null) on conflict (id) do nothing;
insert into devex.tasks (id, epic_id, code, title, way, owner, owner_is_assumption, start_day, end_day, status, done_when, gate_dep) values ('e6-6', 'epic-e6', 'E6.6', 'Guard: every experiment gets an experiment card (hypothesis, metric, stage, start/end tag) in the progress app before it ships', '3W', 'CZ', false, 0, 90, 'not_started', 'No untagged changes in the window', null) on conflict (id) do nothing;
insert into devex.tasks (id, epic_id, code, title, way, owner, owner_is_assumption, start_day, end_day, status, done_when, gate_dep) values ('e7-1', 'epic-e7', 'E7.1', 'Fold in the AI-in-DevOps session output (Bill/Ravi/Rahul) as a knowledge-base doc; extract committed threads', '3W', 'CZ', false, 0, 10, 'not_started', 'Doc in KB; threads in backlog or explicitly parked', null) on conflict (id) do nothing;
insert into devex.tasks (id, epic_id, code, title, way, owner, owner_is_assumption, start_day, end_day, status, done_when, gate_dep) values ('e7-2', 'epic-e7', 'E7.2', 'Baseline AI leverage: adoption (Q11–Q13) + whatever telemetry E2.3 surfaced; report as a leading indicator, distributions only', '2W', 'CZ+Ravi', true, 14, 72, 'not_started', 'AI-leverage cut in the baseline report', null) on conflict (id) do nothing;
insert into devex.tasks (id, epic_id, code, title, way, owner, owner_is_assumption, start_day, end_day, status, done_when, gate_dep) values ('e7-3', 'epic-e7', 'E7.3', 'One AI-assisted quick-win experiment (candidate: AI triage of flaky-test failures, or AI-drafted PR descriptions to cut review rounds) — pick post-E5.2', '3W', 'Ravi', true, 50, 85, 'not_started', 'Experiment card + measured result', null) on conflict (id) do nothing;
insert into devex.tasks (id, epic_id, code, title, way, owner, owner_is_assumption, start_day, end_day, status, done_when, gate_dep) values ('e7-4', 'epic-e7', 'E7.4', 'Position paper (1 pg): how DevEx baseline becomes the measurement substrate for Agentic Engineering OS — Rahul''s closing point, made operational', '3W', 'CZ', false, 60, 85, 'not_started', 'In the Day-90 readout appendix', null) on conflict (id) do nothing;
insert into devex.tasks (id, epic_id, code, title, way, owner, owner_is_assumption, start_day, end_day, status, done_when, gate_dep) values ('e8-1', 'epic-e8', 'E8.1', 'Prior-effort retros: 3 short interviews/docs — why Ladder/Tag-Editor/XServices, shift-left, and the Platform-Engineering FY goals "moved the needle somewhat" but didn''t hold. Extract failure patterns (no baseline? no ownership? no revalidation?)', '3W', 'CZ', true, 10, 40, 'not_started', 'Patterns doc; each pattern mapped to a guardrail in this plan', null) on conflict (id) do nothing;
insert into devex.tasks (id, epic_id, code, title, way, owner, owner_is_assumption, start_day, end_day, status, done_when, gate_dep) values ('e8-2', 'epic-e8', 'E8.2', 'Define the revalidation loop: after Day 90, every landed initiative re-measures its stage vs. baseline on a set cadence — the "360 view, revalidate" mechanism', '3W', 'CZ', false, 60, 80, 'not_started', 'Written into Q+1 plan', null) on conflict (id) do nothing;
insert into devex.tasks (id, epic_id, code, title, way, owner, owner_is_assumption, start_day, end_day, status, done_when, gate_dep) values ('e8-3', 'epic-e8', 'E8.3', 'Blameless norms: one-pager on how metrics will/won''t be used (team-level only, no individual eval, activity = context only) — published to all devs with Pulse #1 comms', '3W', 'CZ+BS', false, 10, 18, 'not_started', 'Published; linked in every survey', null) on conflict (id) do nothing;
insert into devex.tasks (id, epic_id, code, title, way, owner, owner_is_assumption, start_day, end_day, status, done_when, gate_dep) values ('e8-4', 'epic-e8', 'E8.4', 'Day-90 initiative retro (team, 1 hr): what the Three-Ways frame got right/wrong; feed Q+1', '3W', 'Team', false, 85, 90, 'not_started', 'Retro notes in KB', null) on conflict (id) do nothing;
insert into devex.tasks (id, epic_id, code, title, way, owner, owner_is_assumption, start_day, end_day, status, done_when, gate_dep) values ('e9-1', 'epic-e9', 'E9.1', 'Status template: numbered format mirroring Rahul, DX Core 4 roll-up, gates status, risks — reusable', '2W', 'CZ', false, 5, 11, 'not_started', 'Used for status #1', null) on conflict (id) do nothing;
insert into devex.tasks (id, epic_id, code, title, way, owner, owner_is_assumption, start_day, end_day, status, done_when, gate_dep) values ('e9-2', 'epic-e9', 'E9.2', 'Biweekly stakeholder statuses (async) — 5 sends in the window', '2W', 'CZ', false, 7, 88, 'not_started', 'All 5 sent on time', null) on conflict (id) do nothing;
insert into devex.tasks (id, epic_id, code, title, way, owner, owner_is_assumption, start_day, end_day, status, done_when, gate_dep) values ('e9-3', 'epic-e9', 'E9.3', 'Day-45 review (M3) and Day-81 bands review (M5) with stakeholder delegates', '2W', 'CZ', false, 45, 81, 'not_started', 'Held; decisions logged', null) on conflict (id) do nothing;
insert into devex.tasks (id, epic_id, code, title, way, owner, owner_is_assumption, start_day, end_day, status, done_when, gate_dep) values ('e9-4', 'epic-e9', 'E9.4', 'Day-90 readout to Rahul: baseline + bands, improvement-wave results, Q+1 orchestration plan, app demo', '2W', 'CZ', false, 85, 88, 'not_started', 'M6 exit', null) on conflict (id) do nothing;
insert into devex.tasks (id, epic_id, code, title, way, owner, owner_is_assumption, start_day, end_day, status, done_when, gate_dep) values ('e10-1', 'epic-e10', 'E10.1', 'Build MVP on labeled sample data: Roadmap & Milestones, Backlog board, Gates panel (PRD §6 MVP)', '2W', 'CZ', true, 10, 25, 'not_started', 'Used in status #1', null) on conflict (id) do nothing;
insert into devex.tasks (id, epic_id, code, title, way, owner, owner_is_assumption, start_day, end_day, status, done_when, gate_dep) values ('e10-2', 'epic-e10', 'E10.2', 'Wire weekly manual data drops (telemetry summaries, milestone status) — no real-feed dependency', '2W', 'TL', false, 25, 40, 'not_started', 'Updates in <30 min/wk', null) on conflict (id) do nothing;
insert into devex.tasks (id, epic_id, code, title, way, owner, owner_is_assumption, start_day, end_day, status, done_when, gate_dep) values ('e10-3', 'epic-e10', 'E10.3', 'Add Experiment cards + North-star strip (Phase-2 screens) before M3', '2W', 'CZ', true, 30, 45, 'not_started', 'Live at Day-45 review', null) on conflict (id) do nothing;
insert into devex.tasks (id, epic_id, code, title, way, owner, owner_is_assumption, start_day, end_day, status, done_when, gate_dep) values ('e10-4', 'epic-e10', 'E10.4', 'Readout mode (stakeholder view) polished for M5/M6', '2W', 'CZ', true, 70, 85, 'not_started', 'Used at Day-81 and Day-90 reviews', null) on conflict (id) do nothing;
